First Name,Middle Initial,Last Name,Institution,Elsevier AuthID,
David,D,Ackerly,Berkeley,7004214819
Nick,,Adams,Berkeley,7201727629
Deb,A,Agarwal,Berkeley,7202077437
Richard,M,Allen,Berkeley,7404224110
Kyle,,Barbary,Berkeley,16549165900
Peter,L,Bartlett,Berkeley,7202466727
E,Wes,Bethel,Berkeley,55666345400
Joshua,,Bloom,Berkeley,55566574300
Carl,,Boettiger,Berkeley,15753693500
Henry,E,Brady,Berkeley,7103088398
Matthias,,Bussonnier,Berkeley,56367236700
Charlotte,,Cabasse,Berkeley,NONE
John,,Canny,Berkeley,7005125209
Cathryn,E,Carson,Berkeley,11040842000
Garret,,Christensen,Berkeley,55863443600
John,,Chuang,Berkeley,7201692538
Dav,,Clark,Berkeley,7404788512
Chihoko,,Cullens,Berkeley,56568370600
David,E,Culler,Berkeley,7004874505
Neil,,Davies,Berkeley,17134891800
Cyrus,,Dioun,Berkeley,NONE
Sandrine,,Dudoit,Berkeley,
Yu,,Feng,Berkeley,54580801600
Ali,,Ferguson,Berkeley,NONE
Michael,J,Franklin,Berkeley,7202284265
Harald,U,Frey,Berkeley,35463384200
Jack,L,Gallant,Berkeley,7101824367
Tom,,Griffiths,Berkeley,35409148500
Dan,,Hammer,Berkeley,54381582800
Heather,A,Haveman,Berkeley,6603585074
Kathryn,D,Huff,Berkeley,55636448200
Fatma,,Imamoglu,Berkeley,55372633500
Maggi,,Kelly,Berkeley,NONE
Justin,A,Kitzes,Berkeley,12801961000
Jey,,Kottalam,Berkeley,56050848100
Kevin,,Koy,Berkeley,6507543002
Laurel,G,Larsen,Berkeley,23969559100
Michael,W,Mahoney,Berkeley,7202006961
Edward,,Miguel,Berkeley,None
Brent,D,Mishler,Berkeley,6601958116
Erik,,Mitchell,Berkeley,24071588400
Robert,M,Nadeau,Berkeley,7101915128
Jasmine,,Nirody,Berkeley,55156107300
Peter,,Nugent,Berkeley,7004614529
Kellie,,Ottoboni,Berkeley,None
Lior,,Pachter,Berkeley,7006316240
Fernando,,Perez,Berkeley,23493713400
Saul,,Perlmutter,Berkeley,35273021600
Karthik,,Ram,Berkeley,15751626600
David,,Schlegel,Berkeley,35352423900
Jasjeet,S,Sekhon,Berkeley,6701386664
James,,Sethian,Berkeley,7005832375
Kimmen,,Sjolander,Berkeley,6701490066
Rachel,,Slaybaugh,Berkeley,25641892300
Nathaniel,J,Smith,Berkeley,56404757400
Philip,B,Stark,Berkeley,7101748197
Ion,,Stoica,Berkeley,7007009125
Anthony,,Suen,Berkeley,54973637600
Daniel,,Turek,Berkeley,52264707100
Daniela,,Ushizima,Berkeley,14827670900
St伺an,,Van Der Walt,Berkeley,15732291000
Paul,A,Waddell,Berkeley,7005649912
Laura,,Waller,Berkeley,12805039400
Zhao,,Zhang,Berkeley,too many choices
David,W,Hogg,david.hogg@nyu.edu,35277937900,
Juliana,,Freire,juliana.freire@nyu.edu,18037092200,
Roy,,Lowrance,lowrance@cims.nyu.edu,56179964500,
Jennifer,L,Hill,jennifer.hill@nyu.edu,7404771868,
Michael,,Laver,michael.laver@nyu.edu,7005931561,
Yann,A,LeCun,yann@cs.nyu.edu,55666793600,
Foster,John,Provost,fprovost@stern.nyu.edu,7004026629,
Claudio,T,Silva,csilva@nyu.edu,7201387294,
Eero,P,Simoncelli,eero.simoncelli@nyu.edu,7004044833,
David,,Sontag,dsontag@cs.nyu.edu,35726211000,
S. R. Srinivasa,,Varadhan,varadhan@cims.nyu.edu,6602572026,
Karen,E,Adolph,karen.adolph@nyu.edu,7006292490,
Constantin,F,Aliferis,constantin.aliferis@nyumc.edu,6602844802,
Nathaniel,L,Beck,nlb1@nyu.edu,16482020700,
Juan,Pablo,Bello,jpbello@nyu.edu,7102889110,
Grard,,Ben Arous,gba1@nyu.edu,6701615703,
Michael,R,Blanton,michael.blanton@nyu.edu,7006055851,
Jan,,Blustein,jb81@nyu.edu,7006213802,
Richard,A,Bonneau,rb133@nyu.edu,7006793027,
Adam,M,Brandenburger,abranden@stern.nyu.edu,16241174800,
David,,Cai,sdc4@nyu.edu,54790549600,
Andrew,Marc,Caplan,amc2201@nyu.edu,,
Xi,,Chen,xchen3@stern.nyu.edu,56072875100,
Gloria,M,Coruzzi,gloria.coruzzi@nyu.edu,7102139927,
Kyle,S,Cranmer,kyle.cranmer@nyu.edu,36102187500,
Nathaniel,D,Daw,daw@cns.nyu.edu,7005134854,56229332300
Rohit,S,Deo,deandeo@stern.nyu.edu,7004726270,
Vasant,,Dhar,vdhar@stern.nyu.edu,7005885571,
Dustin,T,Duncan,duncad05@nyu.edu,16548960800,
Rob,,Fergus,rob.fergus@nyu.edu,14821791600,
Halina,,Frydman,hfrydman@stern.nyu.edu,6603144195,
Judith,D,Goldberg,goldbj04@nyu.edu,7403089953,
Jonathan,B,Goodman,goodman@cims.nyu.edu,7402288987,
Leslie,F,Greengard,greengard@cims.nyu.edu,55940969200,
C Sinan,,Gunturk,gunturk@cims.nyu.edu,6506104993,
Todd,M,Gureckis,tg35@nyu.edu,6506126125,
Peter ,,Halpin,peter.halpin@nyu.edu,,
Daphna,,Harel,daphna.harel@nyu.edu,,
David,J,Heeger,david.heeger@nyu.edu,7004974780,
Lisa,,Hellerstein,lisa.hellerstein@nyu.edu,7004484630,
Ming,,Hu,ming.hu@nyumc.edu,55016835100,
Clifford,M,Hurvich,cmh1@nyu.edu,6701778936,
Panagiotis,,Ipeirotis,panos@stern.nyu.edu,6603236863,
Srikanth,,Jagabathula,sjagabat@stern.nyu.edu,23566518400,
John,T,Jost,john.jost@nyu.edu,24492154100,
Robert,V,Kohn,rk8@nyu.edu,35575841900,
Petter,N,Kolm,kolm@cims.nyu.edu,7003580159,
Steven,E,Koonin,steven.koonin@nyu.edu,55336292200,
Peter,,Lakner,plakner@stern.nyu.edu,6506375353,
John,V,Leahy,john.leahy@nyu.edu,7102719026,
Jinyang,,Li,jl163@nyu.edu,8921684800,
Mengling,,Liu,menglingliu@nyumc.edu,10044882600,
Alessandro ,S,Lizzeri,alessandro.lizzeri@nyu.edu,6603644753,
Ying,,Lu,yl46@nyu.edu,55506533800,
Andrew,J,Majda,ajm1@nyu.edu,7004978125,
Suzanne,,McIntosh,sm4971@nyu.edu,,
Edward,L,Melnick,elm1@nyu.edu,54886347300,
Joel,,Middleton,joel.middleton@gmail.com,,UC Berkeley?
Bud,,Mishra,mishra@nyu.edu,55433568100,
Charles,M,Newman,cn3@nyu.edu,7202990634,
Patrick,O,Perry,pperry@stern.nyu.edu,23028931600,
Bijan,,Pesaran,bijan@nyu.edu,6602940560,
Michael,D,Purugganan,mp132@nyu.edu,7006356002,
Keith,W,Ross,keithwross@nyu.edu,7202122991,
Marc,A,Scott,marc.scott@nyu.edu,35579630200,
Yongzhao,,Shao,yongzhao.shao@nyu.edu,7201599050,
Dennis,E,Shasha,shasha@courant.nyu.edu,7005430203,
Jeffrey,S,Simonoff,jss2@nyu.edu,6603841077,
Alexander,R,Statnikov,statna01@nyu.edu,10241774000,
Lakshminarayanan,,Subramanian,lakshmi@cs.nyu.edu,7005384316,
Torsten,,Suel,ts1415@nyu.edu,55937037300,
Arun,,Sundararajan,as83@nyu.edu,7003785482,
Esteban,G,Tabak,tabak@cims.nyu.edu,6701511841,
Aaron,,Tenebein,at1@nyu.edu,6505860834,
Eric,,Vanden-Eijnden,eve2@cims.nyu.edu,55664338700,
Sharon,L,Weinberg,sharon.weinberg@nyu.edu,7101675969,
Margaret,,Wright,mw90@nyu.edu,7401558620,
Laura,E,Norn,laura.noren@nyu.edu,56167150500,
Andreas,,Mller,acm6@nyu.edu,,
Brian,,McFee,brian.mcfee@nyu.edu,34875379700,
Brenden,M,Lake,brenden@nyu.edu,26967746300,
Daniela,,Huppenkothen,daniela.huppenkothen@nyu.edu,35731349000,
Neil,Franklin,Abernethy,University of Washington - Seattle,55604135600
Cecilia,R,Aragon,University of Washington - Seattle,34881432100
E,Virginia,Armbrust,University of Washington - Seattle,6701626834
David,A,Baker,University of Washington - Seattle,55463548900
Magdalena,,Balazinska,University of Washington - Seattle,22936904400
David,A C,Beck,University of Washington - Seattle,55151658000
Luke,,Bergmann,University of Washington - Seattle,36135442500
Jeff,A,Bilmes,University of Washington - Seattle,7003705752
Rahul,,Biswas,University of Washington - Seattle,35236469300
Joshua,E,Blumenstock,University of Washington - Seattle,6602473756
Kim,Folger,Bruce,University of Washington - Seattle,56706284600
Lauren,,Buckley,University of Washington - Seattle,13409570300
Alvin,,Cheung,University of Washington - Seattle,51663204600
Samuel,,Clark,University of Washington - Seattle,8838786400
Sophie,,Clayton,University of Washington - Seattle,26638612300
Andy,J,Connolly,University of Washington - Seattle,55252898300
Thiago,B,Costa,University of Washington - Seattle,15063937600
Valerie,,Daggett,University of Washington - Seattle,7006220926
Thomas,L,Daniel,University of Washington - Seattle,7201677078
John,,Delaney,University of Washington - Seattle,7103303554
Curtis,A,Deutsch,University of Washington - Seattle,24331435900
Mark,,Ellis,University of Washington - Seattle,7402181546
Elena,A,Erosheva,University of Washington - Seattle,6508062729
Adrienne,,Fairhall,University of Washington - Seattle,6602928622
Maryam,,Fazel,University of Washington - Seattle,6603356372
Brittany,,Fiore-Gartland,University of Washington - Seattle,36129531300
Michael,,Fire,University of Washington - Seattle,54919399500
Jes,,Ford,University of Washington - Seattle,55322718500
Nick,,Foti,University of Washington - Seattle,38961174000
Emily,B,Fox,University of Washington - Seattle,8835585600
Alexander,,Franks,University of Washington - Seattle,56567638600
Cynthia,,Fugate,University of Washington - Seattle,6506957133
Brad,,Greer,University of Washington - Seattle,7005139909
Dan,,Grossman,University of Washington - Seattle,7102998878
Carlos,,Guestrin,University of Washington - Seattle,56123309500
Jeffrey,,Heer,University of Washington - Seattle,6603794736
Joseph,,Hellerstein,University of Washington - Seattle,35561994000
Tony,,Hey,University of Washington - Seattle,7004072107
Peter,,Hoff,University of Washington - Seattle,7102205776
Bill,,Howe,University of Washington - Seattle,7005843277
Shuai,,Huang,University of Washington - Seattle,couldn't find
Zeljko,,Ivezic,University of Washington - Seattle,7005608414
Vikram,,Jandhyala,University of Washington - Seattle,7006652174
Mario,,Juric,University of Washington - Seattle,7003941191
Daniel,,Kirschen,University of Washington - Seattle,56702218200
Tsuyoshi,,Kunihama,University of Washington - Seattle,37120467400
Ed,,Lazowska,University of Washington - Seattle,24802384500
Adrian,K. C.,Lee,University of Washington - Seattle,35484356000
Charlotte,,Lee,University of Washington - Seattle,35092769000
Randy,,LeVeque,University of Washington - Seattle,7003657764
Max,,Lieblich,University of Washington - Seattle,10040543400
Jie,,Liu,University of Washington - Seattle,
Parker,,MacCready,University of Washington - Seattle,26642886600
Benjamin,,Mako Hill,University of Washington - Seattle,None
Ben,,Marwick,University of Washington - Seattle,8572128400
Tyler,,McCormick,University of Washington - Seattle,36061039400
Victoria,,Meadows,University of Washington - Seattle,6602412939
Marina,,Meila,University of Washington - Seattle,6507125871
Xiaofeng,,Meng,University of Washington - Seattle,
Gina,,Neff,University of Washington - Seattle,34868596300
William,,Noble,University of Washington - Seattle,7102482003
Carole,L,Palmer,University of Washington - Seattle,7403081906
Shwetak,,Patel,University of Washington - Seattle,8450420300
Donald,B,Percival,University of Washington - Seattle,7006657487
Jim,,Pfaendtner,University of Washington - Seattle,8924119700
Zoran,,Popovic,University of Washington - Seattle,35176314800
Daniel,,Promislow,University of Washington - Seattle,7004253021
Hong,,Qian,University of Washington - Seattle,7101674211
Tom,,Quinn,University of Washington - Seattle,7402746313
Adrian,,Raftery,University of Washington - Seattle,7006212242
Chance,,Reschke,University of Washington - Seattle,7801369638
David,,Ribes,University of Washington - Seattle,56262941900
Thomas,,Richardson,University of Washington - Seattle,7202354365
Jeff,,Richey,University of Washington - Seattle,7006589757
Steven,,Roberts,University of Washington - Seattle,55366464800
Eric,,Shea-Brown,University of Washington - Seattle,15065850600
Ali,,Shojaie,University of Washington - Seattle,26321182700
Stephan,,Siegel,University of Washington - Seattle,16305430100
K,Allison,Smith,University of Washington - Seattle,24174765500
Noah,A,Smith,University of Washington - Seattle,37044239600
Mani,,Soma,University of Washington - Seattle,35447121700
Kate,,Starbird,University of Washington - Seattle,35793979100
Kari,A,Stephens,University of Washington - Seattle,36170954000
Werner,,Stuetzle,University of Washington - Seattle,6603949599
Dan,,Suciu,University of Washington - Seattle,7006812452
Ankur,,Teredesai,University of Washington - Seattle,6602892213
LuAnne,,Thompson,University of Washington - Seattle,35587189700
Kristin,,Tolle,University of Washington - Seattle,55758447400
Jake,,VanderPlas,University of Washington - Seattle,35111982900
John,,Vidale,University of Washington - Seattle,7005884875
Jevin,,West,University of Washington - Seattle,36922389600
John,,Wilkerson,University of Washington - Seattle,7101889079
Jeffrey,,Wilkes,University of Washington - Seattle,7005431498
Charles David,,Williams,University of Washington - Seattle,55660513600
Daniela,,Witten,University of Washington - Seattle,24339773500
Stephanie,,Wright,University of Washington - Seattle,None
Jason,D,Yeatman,University of Washington - Seattle,35103808100
Ka Yee,,Yeung,University of Washington - Seattle,7202425026
Baosen,,Zhang,University of Washington - Seattle,56100683300
